sampleName,gRNA,barcode1,barcode2,R2Lead,R2LeadODN,R1Over
iG48-1,VEGFAs2,TAAGGCGA,TAGATCGCNNWNNWNN,TTGAGTTGTCATATGTTAATAACGGTAT,ACGCGA,TCGCGTATACCGTTATTAACATATGACAACTCA
iG48-2,VEGFAs2,CGTACTAG,TAGATCGCNNWNNWNN,TTGAGTTGTCATATGTTAATAACGGTAT,ACGCGA,TCGCGTATACCGTTATTAACATATGACAACTCA
iG48-3,VEGFAs2,AGGCAGAA,TAGATCGCNNWNNWNN,TTGAGTTGTCATATGTTAATAACGGTAT,ACGCGA,TCGCGTATACCGTTATTAACATATGACAACTCA
iG48-4,VEGFAs2,TCCTGAGC,TAGATCGCNNWNNWNN,TTGAGTTGTCATATGTTAATAACGGTAT,ACGCGA,TCGCGTATACCGTTATTAACATATGACAACTCA
iG49-1,VEGFAs2,TAAGGCGA,CTCTCTATNNWNNWNN,TTGAGTTGTCATATGTTAATAACGGTAT,ACGCGA,TCGCGTATACCGTTATTAACATATGACAACTCA
iG49-2,VEGFAs2,CGTACTAG,CTCTCTATNNWNNWNN,TTGAGTTGTCATATGTTAATAACGGTAT,ACGCGA,TCGCGTATACCGTTATTAACATATGACAACTCA
iG49-3,VEGFAs2,AGGCAGAA,CTCTCTATNNWNNWNN,TTGAGTTGTCATATGTTAATAACGGTAT,ACGCGA,TCGCGTATACCGTTATTAACATATGACAACTCA
iG49-4,VEGFAs2,TCCTGAGC,CTCTCTATNNWNNWNN,TTGAGTTGTCATATGTTAATAACGGTAT,ACGCGA,TCGCGTATACCGTTATTAACATATGACAACTCA
iG50-1,VEGFAs2,TAAGGCGA,TATCCTCTNNWNNWNN,TTGAGTTGTCATATGTTAATAACGGTAT,ACGCGA,TCGCGTATACCGTTATTAACATATGACAACTCA
iG50-2,VEGFAs2,CGTACTAG,TATCCTCTNNWNNWNN,TTGAGTTGTCATATGTTAATAACGGTAT,ACGCGA,TCGCGTATACCGTTATTAACATATGACAACTCA
iG50-3,VEGFAs2,AGGCAGAA,TATCCTCTNNWNNWNN,TTGAGTTGTCATATGTTAATAACGGTAT,ACGCGA,TCGCGTATACCGTTATTAACATATGACAACTCA
iG50-4,VEGFAs2,TCCTGAGC,TATCCTCTNNWNNWNN,TTGAGTTGTCATATGTTAATAACGGTAT,ACGCGA,TCGCGTATACCGTTATTAACATATGACAACTCA
iG51-1,VEGFAs2,TAAGGCGA,AGAGTAGANNWNNWNN,TTGAGTTGTCATATGTTAATAACGGTAT,.,ATACCGTTATTAACATATGACAACTCA
iG51-2,VEGFAs2,CGTACTAG,AGAGTAGANNWNNWNN,TTGAGTTGTCATATGTTAATAACGGTAT,.,ATACCGTTATTAACATATGACAACTCA
iG51-3,VEGFAs2,AGGCAGAA,AGAGTAGANNWNNWNN,TTGAGTTGTCATATGTTAATAACGGTAT,.,ATACCGTTATTAACATATGACAACTCA
iG51-4,VEGFAs2,TCCTGAGC,AGAGTAGANNWNNWNN,TTGAGTTGTCATATGTTAATAACGGTAT,.,ATACCGTTATTAACATATGACAACTCA
iG52-1,VEGFAs2,TAAGGCGA,GTAAGGAGNNWNNWNN,TTGAGTTGTCATATGTTAATAACGGTAT,.,ATACCGTTATTAACATATGACAACTCA
iG52-2,VEGFAs2,CGTACTAG,GTAAGGAGNNWNNWNN,TTGAGTTGTCATATGTTAATAACGGTAT,.,ATACCGTTATTAACATATGACAACTCA
iG52-3,VEGFAs2,AGGCAGAA,GTAAGGAGNNWNNWNN,TTGAGTTGTCATATGTTAATAACGGTAT,.,ATACCGTTATTAACATATGACAACTCA
iG52-4,VEGFAs2,TCCTGAGC,GTAAGGAGNNWNNWNN,TTGAGTTGTCATATGTTAATAACGGTAT,.,ATACCGTTATTAACATATGACAACTCA
iG53-1,VEGFAs2,TAAGGCGA,ACTGCATANNWNNWNN,TTGAGTTGTCATATGTTAATAACGGTAT,.,ATACCGTTATTAACATATGACAACTCA
iG53-2,VEGFAs2,CGTACTAG,ACTGCATANNWNNWNN,TTGAGTTGTCATATGTTAATAACGGTAT,.,ATACCGTTATTAACATATGACAACTCA
iG53-3,VEGFAs2,AGGCAGAA,ACTGCATANNWNNWNN,TTGAGTTGTCATATGTTAATAACGGTAT,.,ATACCGTTATTAACATATGACAACTCA
iG53-4,VEGFAs2,TCCTGAGC,ACTGCATANNWNNWNN,TTGAGTTGTCATATGTTAATAACGGTAT,.,ATACCGTTATTAACATATGACAACTCA
iG54-1,VEGFAs3,TAAGGCGA,AAGGAGTANNWNNWNN,TTGAGTTGTCATATGTTAATAACGGTAT,ACGCGA,TCGCGTATACCGTTATTAACATATGACAACTCA
iG54-2,VEGFAs3,CGTACTAG,AAGGAGTANNWNNWNN,TTGAGTTGTCATATGTTAATAACGGTAT,ACGCGA,TCGCGTATACCGTTATTAACATATGACAACTCA
iG54-3,VEGFAs3,AGGCAGAA,AAGGAGTANNWNNWNN,TTGAGTTGTCATATGTTAATAACGGTAT,ACGCGA,TCGCGTATACCGTTATTAACATATGACAACTCA
iG54-4,VEGFAs3,TCCTGAGC,AAGGAGTANNWNNWNN,TTGAGTTGTCATATGTTAATAACGGTAT,ACGCGA,TCGCGTATACCGTTATTAACATATGACAACTCA
iG55-1,VEGFAs3,TAAGGCGA,CTAAGCCTNNWNNWNN,TTGAGTTGTCATATGTTAATAACGGTAT,ACGCGA,TCGCGTATACCGTTATTAACATATGACAACTCA
iG55-2,VEGFAs3,CGTACTAG,CTAAGCCTNNWNNWNN,TTGAGTTGTCATATGTTAATAACGGTAT,ACGCGA,TCGCGTATACCGTTATTAACATATGACAACTCA
iG55-3,VEGFAs3,AGGCAGAA,CTAAGCCTNNWNNWNN,TTGAGTTGTCATATGTTAATAACGGTAT,ACGCGA,TCGCGTATACCGTTATTAACATATGACAACTCA
iG55-4,VEGFAs3,TCCTGAGC,CTAAGCCTNNWNNWNN,TTGAGTTGTCATATGTTAATAACGGTAT,ACGCGA,TCGCGTATACCGTTATTAACATATGACAACTCA
iG56-1,VEGFAs3,TAAGGCGA,GACATTGTNNWNNWNN,TTGAGTTGTCATATGTTAATAACGGTAT,ACGCGA,TCGCGTATACCGTTATTAACATATGACAACTCA
iG56-2,VEGFAs3,CGTACTAG,GACATTGTNNWNNWNN,TTGAGTTGTCATATGTTAATAACGGTAT,ACGCGA,TCGCGTATACCGTTATTAACATATGACAACTCA
iG56-3,VEGFAs3,AGGCAGAA,GACATTGTNNWNNWNN,TTGAGTTGTCATATGTTAATAACGGTAT,ACGCGA,TCGCGTATACCGTTATTAACATATGACAACTCA
iG56-4,VEGFAs3,TCCTGAGC,GACATTGTNNWNNWNN,TTGAGTTGTCATATGTTAATAACGGTAT,ACGCGA,TCGCGTATACCGTTATTAACATATGACAACTCA
iG57-1,VEGFAs3,TAAGGCGA,ACTGATGGNNWNNWNN,TTGAGTTGTCATATGTTAATAACGGTAT,.,ATACCGTTATTAACATATGACAACTCA
iG57-2,VEGFAs3,CGTACTAG,ACTGATGGNNWNNWNN,TTGAGTTGTCATATGTTAATAACGGTAT,.,ATACCGTTATTAACATATGACAACTCA
iG57-3,VEGFAs3,AGGCAGAA,ACTGATGGNNWNNWNN,TTGAGTTGTCATATGTTAATAACGGTAT,.,ATACCGTTATTAACATATGACAACTCA
iG57-4,VEGFAs3,TCCTGAGC,ACTGATGGNNWNNWNN,TTGAGTTGTCATATGTTAATAACGGTAT,.,ATACCGTTATTAACATATGACAACTCA
iG58-1,VEGFAs3,TAAGGCGA,GTACCTAGNNWNNWNN,TTGAGTTGTCATATGTTAATAACGGTAT,.,ATACCGTTATTAACATATGACAACTCA
iG58-2,VEGFAs3,CGTACTAG,GTACCTAGNNWNNWNN,TTGAGTTGTCATATGTTAATAACGGTAT,.,ATACCGTTATTAACATATGACAACTCA
iG58-3,VEGFAs3,AGGCAGAA,GTACCTAGNNWNNWNN,TTGAGTTGTCATATGTTAATAACGGTAT,.,ATACCGTTATTAACATATGACAACTCA
iG58-4,VEGFAs3,TCCTGAGC,GTACCTAGNNWNNWNN,TTGAGTTGTCATATGTTAATAACGGTAT,.,ATACCGTTATTAACATATGACAACTCA
iG59-1,VEGFAs3,TAAGGCGA,CAGAGCTANNWNNWNN,TTGAGTTGTCATATGTTAATAACGGTAT,.,ATACCGTTATTAACATATGACAACTCA
iG59-2,VEGFAs3,CGTACTAG,CAGAGCTANNWNNWNN,TTGAGTTGTCATATGTTAATAACGGTAT,.,ATACCGTTATTAACATATGACAACTCA
iG59-3,VEGFAs3,AGGCAGAA,CAGAGCTANNWNNWNN,TTGAGTTGTCATATGTTAATAACGGTAT,.,ATACCGTTATTAACATATGACAACTCA
iG59-4,VEGFAs3,TCCTGAGC,CAGAGCTANNWNNWNN,TTGAGTTGTCATATGTTAATAACGGTAT,.,ATACCGTTATTAACATATGACAACTCA
iG60-1,NA,TAAGGCGA,CATAGTGANNWNNWNN,TTGAGTTGTCATATGTTAATAACGGTAT,ACGCGA,TCGCGTATACCGTTATTAACATATGACAACTCA
iG60-2,NA,CGTACTAG,CATAGTGANNWNNWNN,TTGAGTTGTCATATGTTAATAACGGTAT,ACGCGA,TCGCGTATACCGTTATTAACATATGACAACTCA
iG60-3,NA,AGGCAGAA,CATAGTGANNWNNWNN,TTGAGTTGTCATATGTTAATAACGGTAT,ACGCGA,TCGCGTATACCGTTATTAACATATGACAACTCA
iG60-4,NA,TCCTGAGC,CATAGTGANNWNNWNN,TTGAGTTGTCATATGTTAATAACGGTAT,ACGCGA,TCGCGTATACCGTTATTAACATATGACAACTCA
iG61-1,NA,TAAGGCGA,TACCTAGTNNWNNWNN,TTGAGTTGTCATATGTTAATAACGGTAT,ACGCGA,TCGCGTATACCGTTATTAACATATGACAACTCA
iG61-2,NA,CGTACTAG,TACCTAGTNNWNNWNN,TTGAGTTGTCATATGTTAATAACGGTAT,ACGCGA,TCGCGTATACCGTTATTAACATATGACAACTCA
iG61-3,NA,AGGCAGAA,TACCTAGTNNWNNWNN,TTGAGTTGTCATATGTTAATAACGGTAT,ACGCGA,TCGCGTATACCGTTATTAACATATGACAACTCA
iG61-4,NA,TCCTGAGC,TACCTAGTNNWNNWNN,TTGAGTTGTCATATGTTAATAACGGTAT,ACGCGA,TCGCGTATACCGTTATTAACATATGACAACTCA
iG62-1,NA,TAAGGCGA,CGCGATATNNWNNWNN,TTGAGTTGTCATATGTTAATAACGGTAT,ACGCGA,TCGCGTATACCGTTATTAACATATGACAACTCA
iG62-2,NA,CGTACTAG,CGCGATATNNWNNWNN,TTGAGTTGTCATATGTTAATAACGGTAT,ACGCGA,TCGCGTATACCGTTATTAACATATGACAACTCA
iG62-3,NA,AGGCAGAA,CGCGATATNNWNNWNN,TTGAGTTGTCATATGTTAATAACGGTAT,ACGCGA,TCGCGTATACCGTTATTAACATATGACAACTCA
iG62-4,NA,TCCTGAGC,CGCGATATNNWNNWNN,TTGAGTTGTCATATGTTAATAACGGTAT,ACGCGA,TCGCGTATACCGTTATTAACATATGACAACTCA
iG63-1,NA,TAAGGCGA,TGGATTGTNNWNNWNN,TTGAGTTGTCATATGTTAATAACGGTAT,.,ATACCGTTATTAACATATGACAACTCA
iG63-2,NA,CGTACTAG,TGGATTGTNNWNNWNN,TTGAGTTGTCATATGTTAATAACGGTAT,.,ATACCGTTATTAACATATGACAACTCA
iG63-3,NA,AGGCAGAA,TGGATTGTNNWNNWNN,TTGAGTTGTCATATGTTAATAACGGTAT,.,ATACCGTTATTAACATATGACAACTCA
iG63-4,NA,TCCTGAGC,TGGATTGTNNWNNWNN,TTGAGTTGTCATATGTTAATAACGGTAT,.,ATACCGTTATTAACATATGACAACTCA
iG64-1,NA,GGACTCCT,TAGATCGCNNWNNWNN,TTGAGTTGTCATATGTTAATAACGGTAT,.,ATACCGTTATTAACATATGACAACTCA
iG64-2,NA,TAGGCATG,TAGATCGCNNWNNWNN,TTGAGTTGTCATATGTTAATAACGGTAT,.,ATACCGTTATTAACATATGACAACTCA
iG64-3,NA,CTCTCTAC,TAGATCGCNNWNNWNN,TTGAGTTGTCATATGTTAATAACGGTAT,.,ATACCGTTATTAACATATGACAACTCA
iG64-4,NA,CAGAGAGG,TAGATCGCNNWNNWNN,TTGAGTTGTCATATGTTAATAACGGTAT,.,ATACCGTTATTAACATATGACAACTCA
iG65-1,NA,GGACTCCT,CTCTCTATNNWNNWNN,TTGAGTTGTCATATGTTAATAACGGTAT,.,ATACCGTTATTAACATATGACAACTCA
iG65-2,NA,TAGGCATG,CTCTCTATNNWNNWNN,TTGAGTTGTCATATGTTAATAACGGTAT,.,ATACCGTTATTAACATATGACAACTCA
iG65-3,NA,CTCTCTAC,CTCTCTATNNWNNWNN,TTGAGTTGTCATATGTTAATAACGGTAT,.,ATACCGTTATTAACATATGACAACTCA
iG65-4,NA,CAGAGAGG,CTCTCTATNNWNNWNN,TTGAGTTGTCATATGTTAATAACGGTAT,.,ATACCGTTATTAACATATGACAACTCA
iG66-1,NA,GGACTCCT,TATCCTCTNNWNNWNN,TTGAGTTGTCATATGTTAATAACGGTAT,.,ATACCGTTATTAACATATGACAACTCA
iG66-2,NA,TAGGCATG,TATCCTCTNNWNNWNN,TTGAGTTGTCATATGTTAATAACGGTAT,.,ATACCGTTATTAACATATGACAACTCA
iG66-3,NA,CTCTCTAC,TATCCTCTNNWNNWNN,TTGAGTTGTCATATGTTAATAACGGTAT,.,ATACCGTTATTAACATATGACAACTCA
iG66-4,NA,CAGAGAGG,TATCCTCTNNWNNWNN,TTGAGTTGTCATATGTTAATAACGGTAT,.,ATACCGTTATTAACATATGACAACTCA
iG67-1,VEGFAs2,GGACTCCT,AGAGTAGANNWNNWNN,TTGAGTTGTCATATGTTAATAACGGTAT,.,ATACCGTTATTAACATATGACAACTCA
iG67-2,VEGFAs2,TAGGCATG,AGAGTAGANNWNNWNN,TTGAGTTGTCATATGTTAATAACGGTAT,.,ATACCGTTATTAACATATGACAACTCA
iG67-3,VEGFAs2,CTCTCTAC,AGAGTAGANNWNNWNN,TTGAGTTGTCATATGTTAATAACGGTAT,.,ATACCGTTATTAACATATGACAACTCA
iG67-4,VEGFAs2,CAGAGAGG,AGAGTAGANNWNNWNN,TTGAGTTGTCATATGTTAATAACGGTAT,.,ATACCGTTATTAACATATGACAACTCA
iG68-1,VEGFAs3,GGACTCCT,GTAAGGAGNNWNNWNN,TTGAGTTGTCATATGTTAATAACGGTAT,.,ATACCGTTATTAACATATGACAACTCA
iG68-2,VEGFAs3,TAGGCATG,GTAAGGAGNNWNNWNN,TTGAGTTGTCATATGTTAATAACGGTAT,.,ATACCGTTATTAACATATGACAACTCA
iG68-3,VEGFAs3,CTCTCTAC,GTAAGGAGNNWNNWNN,TTGAGTTGTCATATGTTAATAACGGTAT,.,ATACCGTTATTAACATATGACAACTCA
iG68-4,VEGFAs3,CAGAGAGG,GTAAGGAGNNWNNWNN,TTGAGTTGTCATATGTTAATAACGGTAT,.,ATACCGTTATTAACATATGACAACTCA
NTC-1,NA,GGACTCCT,ACTGCATANNWNNWNN,TTGAGTTGTCATATGTTAATAACGGTAT,.,ATACCGTTATTAACATATGACAACTCA
NTC-2,NA,TAGGCATG,ACTGCATANNWNNWNN,TTGAGTTGTCATATGTTAATAACGGTAT,.,ATACCGTTATTAACATATGACAACTCA
NTC-3,NA,CTCTCTAC,ACTGCATANNWNNWNN,TTGAGTTGTCATATGTTAATAACGGTAT,.,ATACCGTTATTAACATATGACAACTCA
NTC-4,NA,CAGAGAGG,ACTGCATANNWNNWNN,TTGAGTTGTCATATGTTAATAACGGTAT,.,ATACCGTTATTAACATATGACAACTCA